<?xml version="1.0" encoding="UTF-8"?>
<beans xmlns="http://www.springframework.org/schema/beans"
	xmlns:xsi="http://www.w3.org/2001/XMLSchema-instance" xmlns:jaxws="http://cxf.apache.org/jaxws"
	xmlns:jaxrs="http://cxf.apache.org/jaxrs" xmlns:context="http://www.springframework.org/schema/context"
	xsi:schemaLocation="http://www.springframework.org/schema/beans http://www.springframework.org/schema/beans/spring-beans.xsd
	http://cxf.apache.org/jaxrs http://cxf.apache.org/schemas/jaxrs.xsd http://cxf.apache.org/jaxws http://cxf.apache.org/schemas/jaxws.xsd
	http://www.springframework.org/schema/context http://www.springframework.org/schema/context/spring-context-3.0.xsd">

<context:component-scan base-package="com.cap.rest"></context:component-scan>

	<jaxrs:server id="restContainer" address="/">

		<jaxrs:serviceBeans>

			<ref bean="servicebean" />

		</jaxrs:serviceBeans>
		
		<jaxrs:providers>
		 <ref bean="jsonProvider" />
	<!--	<ref bean="jaxbXmlProvider"/> -->
		</jaxrs:providers>

	</jaxrs:server>
	
	<bean id="jsonProvider" class="org.codehaus.jackson.jaxrs.JacksonJsonProvider"></bean>
<!-- 	<bean id="jaxbXmlProvider" class="org.apache.cxf.jaxrs.provider.JAXBElementProvider"></bean>
 -->	
	
</beans>